{
  "n_tools": 32,
  "n_queries": 178,
  "k_used": 10,
  "condition_a": {
    "name": "original",
    "recall_at_k": 0.564772496022496,
    "p_at_1": 0.2226806758056758,
    "mrr": 0.3554528736527046
  },
  "condition_b": {
    "name": "retrieval_description",
    "recall_at_k": 0.5699235949235949,
    "p_at_1": 0.24649019961519958,
    "mrr": 0.3623116980060229
  },
  "delta_recall_at_k": 0.005151098901098883,
  "delta_p_at_1": 0.02380952380952378,
  "delta_mrr": 0.006858824353318305,
  "per_tool_improved": 2,
  "per_tool_degraded": 1,
  "per_tool_same": 29,
  "per_tool_details": {
    "airtable::list_bases": {
      "original_p1": 1.0,
      "optimized_p1": 1.0,
      "original_recall_at_k": 1.0,
      "optimized_recall_at_k": 1.0,
      "delta_p1": 0.0,
      "original_mrr": 1.0,
      "optimized_mrr": 1.0,
      "n_queries": 14
    },
    "airtable::list_records": {
      "original_p1": 0.6363636363636364,
      "optimized_p1": 0.6363636363636364,
      "original_recall_at_k": 0.8181818181818182,
      "optimized_recall_at_k": 0.8181818181818182,
      "delta_p1": 0.0,
      "original_mrr": 0.6640630031125899,
      "optimized_mrr": 0.6640630031125899,
      "n_queries": 11
    },
    "airtable::list_tables": {
      "original_p1": 0.0,
      "optimized_p1": 0.9285714285714286,
      "original_recall_at_k": 1.0,
      "optimized_recall_at_k": 1.0,
      "delta_p1": 0.9285714285714286,
      "original_mrr": 0.4880952380952381,
      "optimized_mrr": 0.9642857142857143,
      "n_queries": 14
    },
    "airtable::search_records": {
      "original_p1": 0.037037037037037035,
      "optimized_p1": 0.037037037037037035,
      "original_recall_at_k": 0.6296296296296297,
      "optimized_recall_at_k": 0.6296296296296297,
      "delta_p1": 0.0,
      "original_mrr": 0.22047134090537904,
      "optimized_mrr": 0.22047182887688152,
      "n_queries": 27
    },
    "calculator::calculate": {
      "original_p1": 0.0,
      "optimized_p1": 0.0,
      "original_recall_at_k": 0.2857142857142857,
      "optimized_recall_at_k": 0.14285714285714285,
      "delta_p1": 0.0,
      "original_mrr": 0.13333382885056072,
      "optimized_mrr": 0.05723177009354762,
      "n_queries": 7
    },
    "exa::web_search_exa": {
      "original_p1": 0.0,
      "optimized_p1": 0.0,
      "original_recall_at_k": 0.0,
      "optimized_recall_at_k": 0.0,
      "delta_p1": 0.0,
      "original_mrr": 0.0016239689002642001,
      "optimized_mrr": 0.0024273495805079786,
      "n_queries": 17
    },
    "fetch::fetch": {
      "original_p1": 0.0,
      "optimized_p1": 0.0,
      "original_recall_at_k": 0.2,
      "optimized_recall_at_k": 0.2,
      "delta_p1": 0.0,
      "original_mrr": 0.05539709570196629,
      "optimized_mrr": 0.05539611324308502,
      "n_queries": 5
    },
    "filesystem::list_directory": {
      "original_p1": 0.0,
      "optimized_p1": 0.0,
      "original_recall_at_k": 0.6153846153846154,
      "optimized_recall_at_k": 0.9230769230769231,
      "delta_p1": 0.0,
      "original_mrr": 0.16314742485311046,
      "optimized_mrr": 0.24358974358974358,
      "n_queries": 13
    },
    "filesystem::read_file": {
      "original_p1": 0.3333333333333333,
      "optimized_p1": 0.6666666666666666,
      "original_recall_at_k": 0.6666666666666666,
      "optimized_recall_at_k": 0.6666666666666666,
      "delta_p1": 0.3333333333333333,
      "original_mrr": 0.5303030303030303,
      "optimized_mrr": 0.6969696969696969,
      "n_queries": 3
    },
    "filesystem::read_multiple_files": {
      "original_p1": 0.0,
      "optimized_p1": 0.0,
      "original_recall_at_k": 0.0,
      "optimized_recall_at_k": 0.0,
      "delta_p1": 0.0,
      "original_mrr": 0.023255813953488372,
      "optimized_mrr": 0.023255813953488372,
      "n_queries": 1
    },
    "git::git_diff_unstaged": {
      "original_p1": 0.0,
      "optimized_p1": 0.0,
      "original_recall_at_k": 1.0,
      "optimized_recall_at_k": 1.0,
      "delta_p1": 0.0,
      "original_mrr": 0.5,
      "optimized_mrr": 0.5,
      "n_queries": 1
    },
    "git::git_log": {
      "original_p1": 0.2857142857142857,
      "optimized_p1": 0.2857142857142857,
      "original_recall_at_k": 0.8571428571428571,
      "optimized_recall_at_k": 0.8571428571428571,
      "delta_p1": 0.0,
      "original_mrr": 0.5833333333333333,
      "optimized_mrr": 0.5833333333333333,
      "n_queries": 7
    },
    "git::git_show": {
      "original_p1": 0.6666666666666666,
      "optimized_p1": 0.6666666666666666,
      "original_recall_at_k": 1.0,
      "optimized_recall_at_k": 1.0,
      "delta_p1": 0.0,
      "original_mrr": 0.7738095238095238,
      "optimized_mrr": 0.7738095238095238,
      "n_queries": 6
    },
    "github::create_branch": {
      "original_p1": 1.0,
      "optimized_p1": 1.0,
      "original_recall_at_k": 1.0,
      "optimized_recall_at_k": 1.0,
      "delta_p1": 0.0,
      "original_mrr": 1.0,
      "optimized_mrr": 1.0,
      "n_queries": 1
    },
    "github::create_issue": {
      "original_p1": 0.0,
      "optimized_p1": 0.0,
      "original_recall_at_k": 1.0,
      "optimized_recall_at_k": 1.0,
      "delta_p1": 0.0,
      "original_mrr": 0.5,
      "optimized_mrr": 0.5,
      "n_queries": 1
    },
    "github::create_pull_request": {
      "original_p1": 0.0,
      "optimized_p1": 0.0,
      "original_recall_at_k": 0.0,
      "optimized_recall_at_k": 0.0,
      "delta_p1": 0.0,
      "original_mrr": 0.058823529411764705,
      "optimized_mrr": 0.058823529411764705,
      "n_queries": 1
    },
    "github::get_file_contents": {
      "original_p1": 0.0,
      "optimized_p1": 0.0,
      "original_recall_at_k": 1.0,
      "optimized_recall_at_k": 1.0,
      "delta_p1": 0.0,
      "original_mrr": 0.16666666666666666,
      "optimized_mrr": 0.16666666666666666,
      "n_queries": 1
    },
    "github::get_pull_request": {
      "original_p1": 0.0,
      "optimized_p1": 0.0,
      "original_recall_at_k": 1.0,
      "optimized_recall_at_k": 1.0,
      "delta_p1": 0.0,
      "original_mrr": 0.3333333333333333,
      "optimized_mrr": 0.3333333333333333,
      "n_queries": 1
    },
    "github::list_commits": {
      "original_p1": 0.0,
      "optimized_p1": 0.0,
      "original_recall_at_k": 0.6666666666666666,
      "optimized_recall_at_k": 0.6666666666666666,
      "delta_p1": 0.0,
      "original_mrr": 0.2986111111111111,
      "optimized_mrr": 0.2986111111111111,
      "n_queries": 3
    },
    "github::list_issues": {
      "original_p1": 0.5,
      "optimized_p1": 0.0,
      "original_recall_at_k": 0.5,
      "optimized_recall_at_k": 0.5,
      "delta_p1": -0.5,
      "original_mrr": 0.5125,
      "optimized_mrr": 0.0654940119760479,
      "n_queries": 2
    },
    "github::search_code": {
      "original_p1": 0.0,
      "optimized_p1": 0.0,
      "original_recall_at_k": 0.0,
      "optimized_recall_at_k": 0.0,
      "delta_p1": 0.0,
      "original_mrr": 0.05,
      "optimized_mrr": 0.05,
      "n_queries": 1
    },
    "github::search_repositories": {
      "original_p1": 0.6666666666666666,
      "optimized_p1": 0.6666666666666666,
      "original_recall_at_k": 0.8333333333333334,
      "optimized_recall_at_k": 0.8333333333333334,
      "delta_p1": 0.0,
      "original_mrr": 0.7555555555555555,
      "optimized_mrr": 0.7555555555555555,
      "n_queries": 6
    },
    "memory::open_nodes": {
      "original_p1": 0.0,
      "optimized_p1": 0.0,
      "original_recall_at_k": 0.0,
      "optimized_recall_at_k": 0.0,
      "delta_p1": 0.0,
      "original_mrr": 0.0007680491551459293,
      "optimized_mrr": 0.0007692307692307692,
      "n_queries": 1
    },
    "memory::read_graph": {
      "original_p1": 0.0,
      "optimized_p1": 0.0,
      "original_recall_at_k": 0.0,
      "optimized_recall_at_k": 0.0,
      "delta_p1": 0.0,
      "original_mrr": 0.023255813953488372,
      "optimized_mrr": 0.05,
      "n_queries": 1
    },
    "memory::search_nodes": {
      "original_p1": 0.0,
      "optimized_p1": 0.0,